{
  "Version": "2012-10-17",
  "Statement": [
    {
      "Sid": "ManagedReadOnly01",
      "Effect": "Allow",
      "Action": [
        "a4b:Get*",
        "a4b:List*",
        "a4b:Search*",
        "access-analyzer:Get*",
        "access-analyzer:List*",
        "access-analyzer:Validate*",
        "account:Get*",
        "account:List*",
        "acm:Describe*",
        "acm:Get*",
        "acm:List*",
        "acm-pca:Describe*",
        "acm-pca:Get*",
        "acm-pca:List*",
        "aiops:Get*",
        "aiops:List*",
        "aiops:Validate*",
        "airflow:List*",
        "amplify:Get*",
        "amplify:List*",
        "aoss:BatchGet*",
        "aoss:Get*",
        "aoss:List*",
        "apigateway:GET",
        "appconfig:Get*",
        "appconfig:List*",
        "appfabric:Get*",
        "appfabric:List*",
        "appflow:Describe*",
        "appflow:List*",
        "application-autoscaling:Describe*",
        "application-autoscaling:Get*",
        "application-autoscaling:List*",
        "application-signals:BatchGet*",
        "application-signals:Get*",
        "application-signals:List*",
        "applicationinsights:Describe*",
        "applicationinsights:List*",
        "appmesh:Describe*",
        "appmesh:List*",
        "apprunner:Describe*",
        "apprunner:List*",
        "appstream:Describe*",
        "appstream:List*",
        "appstudio:Get*",
        "appsync:Get*",
        "appsync:List*",
        "apptest:Get*",
        "apptest:List*",
        "aps:Describe*",
        "aps:Get*",
        "aps:List*",
        "aps:Query*",
        "arc-region-switch:Get*",
        "arc-region-switch:List*",
        "arc-zonal-shift:Get*",
        "arc-zonal-shift:List*",
        "artifact:Get*",
        "artifact:List*",
        "athena:Batch*",
        "athena:Get*",
        "athena:List*",
        "auditmanager:Get*",
        "auditmanager:List*",
        "auditmanager:Validate*",
        "autoscaling:Describe*",
        "autoscaling:Get*",
        "autoscaling-plans:Describe*",
        "autoscaling-plans:Get*",
        "aws-portal:View*",
        "backup:Describe*",
        "backup:Get*",
        "backup:List*",
        "backup-gateway:Get*",
        "backup-gateway:List*",
        "batch:Describe*",
        "batch:List*",
        "bedrock:Get*",
        "bedrock:List*",
        "bedrock-agentcore:Get*",
        "bedrock-agentcore:List*",
        "bedrock-agentcore:Retrieve*",
        "billing:Get*",
        "billing:List*",
        "billingconductor:Get*",
        "billingconductor:List*",
        "braket:Get*",
        "braket:Search*",
        "budgets:Describe*",
        "budgets:List*",
        "budgets:View*",
        "cassandra:Select*",
        "ce:Describe*",
        "ce:Get*",
        "ce:List*",
        "chatbot:Describe*",
        "chatbot:Get*",
        "chatbot:List*",
        "chime:Get*",
        "chime:List*",
        "chime:Retrieve*",
        "chime:Search*",
        "chime:Validate*",
        "cleanrooms:BatchGet*",
        "cleanrooms:Get*",
        "cleanrooms:List*",
        "cleanrooms:Preview*",
        "cleanrooms-ml:Get*",
        "cleanrooms-ml:List*",
        "cloud9:Describe*",
        "cloud9:List*",
        "clouddirectory:BatchRead",
        "clouddirectory:Get*",
        "clouddirectory:List*",
        "clouddirectory:Lookup*",
        "cloudformation:Describe*",
        "cloudformation:Detect*",
        "cloudformation:Estimate*",
        "cloudformation:Get*",
        "cloudformation:List*",
        "cloudformation:Validate*",
        "cloudfront:Describe*",
        "cloudfront:Get*",
        "cloudfront:List*",
        "cloudfront-keyvaluestore:Describe*",
        "cloudfront-keyvaluestore:Get*",
        "cloudfront-keyvaluestore:List*",
        "cloudhsm:Describe*",
        "cloudhsm:Get*",
        "cloudhsm:List*",
        "cloudsearch:Describe*",
        "cloudsearch:List*",
        "cloudtrail:Describe*",
        "cloudtrail:Get*",
        "cloudtrail:List*",
        "cloudtrail:Lookup*",
        "cloudwatch:Describe*",
        "cloudwatch:Generate*",
        "cloudwatch:Get*",
        "cloudwatch:List*",
        "codeartifact:Describe*",
        "codeartifact:Get*",
        "codeartifact:List*",
        "codeartifact:Read*",
        "codebuild:BatchGet*",
        "codebuild:Describe*",
        "codebuild:List*",
        "codecatalyst:Get*",
        "codecatalyst:List*",
        "codecommit:BatchGet*",
        "codecommit:Describe*",
        "codecommit:Get*",
        "codecommit:GitPull",
        "codecommit:List*",
        "codedeploy:BatchGet*",
        "codedeploy:Get*",
        "codedeploy:List*",
        "codeguru-profiler:Describe*",
        "codeguru-profiler:Get*",
        "codeguru-profiler:List*",
        "codeguru-reviewer:Describe*",
        "codeguru-reviewer:Get*",
        "codeguru-reviewer:List*",
        "codepipeline:Get*",
        "codepipeline:List*",
        "codestar:Describe*",
        "codestar:Get*",
        "codestar:List*",
        "codestar:Verify*",
        "codestar-connections:Get*",
        "codestar-connections:List*",
        "codestar-notifications:List*",
        "codestar-notifications:describeNotificationRule",
        "codestar-notifications:listEventTypes",
        "codestar-notifications:listNotificationRules",
        "codestar-notifications:listTagsForResource",
        "codewhisperer:List*",
        "cognito-identity:Describe*",
        "cognito-identity:Get*",
        "cognito-identity:List*",
        "cognito-identity:Lookup*",
        "cognito-idp:AdminGet*",
        "cognito-idp:AdminList*",
        "cognito-idp:Describe*",
        "cognito-idp:Get*",
        "cognito-idp:List*",
        "cognito-sync:Describe*",
        "cognito-sync:Get*",
        "cognito-sync:List*",
        "cognito-sync:Query*",
        "comprehend:BatchDetect*",
        "comprehend:Classify*",
        "comprehend:Contains*",
        "comprehend:Describe*",
        "comprehend:Detect*",
        "comprehend:List*",
        "compute-optimizer:Describe*",
        "compute-optimizer:Get*",
        "config:BatchGet*",
        "config:Deliver*",
        "config:Describe*",
        "config:Get*",
        "config:List*",
        "config:Select*",
        "connect:Describe*",
        "connect:Get*",
        "connect:List*",
        "consoleapp:Get*",
        "consoleapp:List*",
        "consolidatedbilling:Get*",
        "consolidatedbilling:List*",
        "controlcatalog:Get*",
        "controlcatalog:List*",
        "cost-optimization-hub:Get*",
        "cost-optimization-hub:List*",
        "cur:Get*",
        "customer-verification:Get*",
        "databrew:Describe*",
        "databrew:List*",
        "dataexchange:Get*",
        "dataexchange:List*",
        "datapipeline:Describe*",
        "datapipeline:EvaluateExpression",
        "datapipeline:Get*",
        "datapipeline:List*",
        "datapipeline:Query*",
        "datapipeline:Validate*",
        "datasync:Describe*",
        "datasync:List*",
        "datazone:Get*",
        "datazone:List*",
        "datazone:Search*",
        "dax:BatchGet*",
        "dax:Describe*",
        "dax:Get*",
        "dax:List*",
        "dax:Query*",
        "dax:Scan",
        "deadline:BatchGet*",
        "deadline:Get*",
        "deadline:List*",
        "deadline:Search*",
        "deepcomposer:Get*",
        "deepcomposer:List*",
        "detective:BatchGet*",
        "detective:Get*",
        "detective:List*",
        "detective:Search*",
        "devicefarm:Get*",
        "devicefarm:List*",
        "devops-guru:Describe*",
        "devops-guru:Get*",
        "devops-guru:List*",
        "devops-guru:Search*",
        "devops-guru:StartCostEstimation",
        "directconnect:Describe*",
        "discovery:Describe*",
        "discovery:Get*",
        "discovery:List*",
        "dlm:Get*",
        "dms:Describe*",
        "dms:List*",
        "dms:Test*",
        "docdb-elastic:List*",
        "drs:Describe*",
        "drs:Get*",
        "drs:List*",
        "ds:Check*",
        "ds:Describe*",
        "ds:Get*",
        "ds:List*",
        "ds:Verify*",
        "dsql:Get*",
        "dsql:List*",
        "dynamodb:BatchGet*",
        "dynamodb:Describe*",
        "dynamodb:Get*",
        "dynamodb:List*",
        "dynamodb:PartiQLSelect",
        "dynamodb:Query*",
        "dynamodb:Scan",
        "ec2:Describe*",
        "ec2:Get*",
        "ec2:List*",
        "ec2:Search*",
        "ec2messages:Get*",
        "ecr:BatchCheck*",
        "ecr:BatchGet*",
        "ecr:Describe*",
        "ecr:Get*",
        "ecr:List*"
      ],
      "Resource": "*"
    }
  ]
}
