{
  "Version": "2012-10-17",
  "Statement": [
    {
      "Sid": "ManagedReadOnly05",
      "Effect": "Allow",
      "Action": [
        "proton:Get*",
        "proton:List*",
        "purchase-orders:Get*",
        "purchase-orders:List*",
        "purchase-orders:View*",
        "qbusiness:Get*",
        "qbusiness:List*",
        "qldb:Describe*",
        "qldb:Get*",
        "qldb:List*",
        "ram:Get*",
        "ram:List*",
        "rbin:Get*",
        "rbin:List*",
        "rds:Describe*",
        "rds:Download*",
        "rds:List*",
        "redshift:Describe*",
        "redshift:Get*",
        "redshift:List*",
        "redshift:View*",
        "redshift-serverless:Get*",
        "redshift-serverless:List*",
        "refactor-spaces:Get*",
        "refactor-spaces:List*",
        "rekognition:CompareFaces",
        "rekognition:Describe*",
        "rekognition:Detect*",
        "rekognition:Get*",
        "rekognition:List*",
        "rekognition:RecognizeCelebrities",
        "rekognition:Search*",
        "resiliencehub:Describe*",
        "resiliencehub:List*",
        "resource-explorer-2:BatchGet*",
        "resource-explorer-2:Get*",
        "resource-explorer-2:List*",
        "resource-explorer-2:Search*",
        "resource-groups:Get*",
        "resource-groups:List*",
        "resource-groups:Search*",
        "robomaker:BatchDescribe*",
        "robomaker:Describe*",
        "robomaker:Get*",
        "robomaker:List*",
        "rolesanywhere:Get*",
        "rolesanywhere:List*",
        "route53:Get*",
        "route53:List*",
        "route53:Test*",
        "route53-recovery-cluster:Get*",
        "route53-recovery-cluster:List*",
        "route53-recovery-control-config:Describe*",
        "route53-recovery-control-config:Get*",
        "route53-recovery-control-config:List*",
        "route53-recovery-readiness:Get*",
        "route53-recovery-readiness:List*",
        "route53domains:Check*",
        "route53domains:Get*",
        "route53domains:List*",
        "route53domains:View*",
        "route53profiles:Get*",
        "route53profiles:List*",
        "route53resolver:Get*",
        "route53resolver:List*",
        "rum:Get*",
        "rum:List*",
        "s3:Describe*",
        "s3:Get*",
        "s3:List*",
        "s3-object-lambda:Get*",
        "s3-object-lambda:List*",
        "s3-outposts:Get*",
        "s3-outposts:List*",
        "sagemaker:Describe*",
        "sagemaker:Get*",
        "sagemaker:List*",
        "sagemaker:Search*",
        "savingsplans:Describe*",
        "savingsplans:List*",
        "scheduler:Get*",
        "scheduler:List*",
        "schemas:Describe*",
        "schemas:Get*",
        "schemas:List*",
        "schemas:Search*",
        "sdb:Get*",
        "sdb:List*",
        "sdb:Select*",
        "secretsmanager:Describe*",
        "secretsmanager:Get*",
        "secretsmanager:List*",
        "securityhub:BatchGet*",
        "securityhub:Describe*",
        "securityhub:Get*",
        "securityhub:List*",
        "securitylake:Get*",
        "securitylake:List*",
        "serverlessrepo:Get*",
        "serverlessrepo:List*",
        "serverlessrepo:Search*",
        "servicecatalog:Describe*",
        "servicecatalog:Get*",
        "servicecatalog:List*",
        "servicecatalog:Scan*",
        "servicecatalog:Search*",
        "servicediscovery:DiscoverInstances",
        "servicediscovery:DiscoverInstancesRevision",
        "servicediscovery:Get*",
        "servicediscovery:List*",
        "servicequotas:Get*",
        "servicequotas:List*",
        "ses:BatchGet*",
        "ses:Describe*",
        "ses:Get*",
        "ses:List*",
        "shield:Describe*",
        "shield:Get*",
        "shield:List*",
        "signer:Describe*",
        "signer:Get*",
        "signer:List*",
        "signin:List*",
        "sms-voice:Describe*",
        "sms-voice:List*",
        "snowball:Describe*",
        "snowball:Get*",
        "snowball:List*",
        "sns:Check*",
        "sns:Get*",
        "sns:List*",
        "sqs:Get*",
        "sqs:List*",
        "sqs:Receive*",
        "ssm:Describe*",
        "ssm:Get*",
        "ssm:List*",
        "ssm-contacts:Describe*",
        "ssm-contacts:Get*",
        "ssm-contacts:List*",
        "ssm-incidents:Get*",
        "ssm-incidents:List*",
        "ssm-quicksetup:Get*",
        "ssm-quicksetup:List*",
        "ssm-sap:Get*",
        "ssm-sap:List*",
        "sso:Describe*",
        "sso:Get*",
        "sso:List*",
        "sso-directory:Describe*",
        "sso-directory:List*",
        "sso-directory:Search*",
        "states:Describe*",
        "states:Get*",
        "states:List*",
        "states:Validate*",
        "storagegateway:Describe*",
        "storagegateway:List*",
        "sts:Get*",
        "support:Describe*",
        "support:Search*",
        "supportplans:Get*",
        "supportplans:List*",
        "sustainability:Get*",
        "swf:Count*",
        "swf:Describe*",
        "swf:Get*",
        "swf:List*",
        "synthetics:Describe*",
        "synthetics:Get*",
        "synthetics:List*",
        "tag:Describe*",
        "tag:Get*",
        "tax:Get*",
        "tax:List*",
        "timestream:Describe*",
        "timestream:List*",
        "tnb:Get*",
        "tnb:List*",
        "transcribe:Get*",
        "transcribe:List*",
        "transfer:Describe*",
        "transfer:List*",
        "transfer:Test*",
        "translate:Describe*",
        "translate:Get*",
        "translate:List*",
        "trustedadvisor:Describe*",
        "trustedadvisor:Get*",
        "trustedadvisor:List*",
        "user-subscriptions:List*",
        "verifiedpermissions:Get*",
        "verifiedpermissions:IsAuthorized",
        "verifiedpermissions:IsAuthorizedWithToken",
        "verifiedpermissions:List*",
        "vpc-lattice:Get*",
        "vpc-lattice:List*",
        "waf:Get*",
        "waf:List*",
        "waf-regional:Get*",
        "waf-regional:List*",
        "wafv2:Check*",
        "wafv2:Describe*",
        "wafv2:Get*",
        "wafv2:List*",
        "wellarchitected:ExportLens",
        "wellarchitected:Get*",
        "wellarchitected:List*",
        "workdocs:Check*",
        "workdocs:Describe*",
        "workdocs:Get*",
        "workmail:Describe*",
        "workmail:Get*",
        "workmail:List*",
        "workmail:Search*",
        "workspaces:Describe*",
        "workspaces-web:Get*",
        "workspaces-web:List*",
        "xray:BatchGet*",
        "xray:Get*"
      ],
      "Resource": "*"
    }
  ]
}