{
  "Version": "2012-10-17",
  "Statement": [
    {
      "Sid": "ManagedReadOnly03",
      "Effect": "Allow",
      "Action": [
        "ecs:Describe*",
        "ecs:List*",
        "eks:Describe*",
        "eks:List*",
        "elasticache:Describe*",
        "elasticache:List*",
        "elasticbeanstalk:Check*",
        "elasticbeanstalk:Describe*",
        "elasticbeanstalk:List*",
        "elasticbeanstalk:Request*",
        "elasticbeanstalk:Retrieve*",
        "elasticbeanstalk:Validate*",
        "elasticfilesystem:Describe*",
        "elasticfilesystem:List*",
        "elasticloadbalancing:Describe*",
        "elasticmapreduce:Describe*",
        "elasticmapreduce:Get*",
        "elasticmapreduce:List*",
        "elasticmapreduce:View*",
        "elastictranscoder:List*",
        "elastictranscoder:Read*",
        "elemental-appliances-software:Get*",
        "elemental-appliances-software:List*",
        "emr-containers:Describe*",
        "emr-containers:List*",
        "emr-serverless:Get*",
        "emr-serverless:List*",
        "es:Describe*",
        "es:ESHttp*",
        "es:Get*",
        "es:List*",
        "events:Describe*",
        "events:List*",
        "events:Test*",
        "evidently:Get*",
        "evidently:List*",
        "evidently:Test*",
        "firehose:Describe*",
        "firehose:List*",
        "fis:Get*",
        "fis:List*",
        "fms:Get*",
        "fms:List*",
        "forecast:Describe*",
        "forecast:Get*",
        "forecast:List*",
        "forecast:Query*",
        "frauddetector:BatchGet*",
        "frauddetector:Describe*",
        "frauddetector:Get*",
        "frauddetector:List*",
        "freertos:Describe*",
        "freertos:List*",
        "freetier:Get*",
        "fsx:Describe*",
        "fsx:List*",
        "gamelift:Describe*",
        "gamelift:Get*",
        "gamelift:List*",
        "gamelift:Resolve*",
        "gamelift:Search*",
        "glacier:Describe*",
        "glacier:Get*",
        "glacier:List*",
        "globalaccelerator:Describe*",
        "globalaccelerator:List*",
        "glue:BatchGet*",
        "glue:Check*",
        "glue:Get*",
        "glue:List*",
        "glue:Query*",
        "glue:Search*",
        "grafana:Describe*",
        "grafana:List*",
        "greengrass:Describe*",
        "greengrass:Get*",
        "greengrass:List*",
        "groundstation:Describe*",
        "groundstation:Get*",
        "groundstation:List*",
        "guardduty:Describe*",
        "guardduty:Get*",
        "guardduty:List*",
        "health:Describe*",
        "healthlake:Describe*",
        "healthlake:Get*",
        "healthlake:List*",
        "healthlake:Read*",
        "healthlake:Search*",
        "iam:Generate*",
        "iam:Get*",
        "iam:List*",
        "iam:Simulate*",
        "identity-sync:Get*",
        "identity-sync:List*",
        "identitystore:Describe*",
        "identitystore:Get*",
        "identitystore:IsMemberInGroups",
        "identitystore:List*",
        "identitystore-auth:BatchGet*",
        "identitystore-auth:List*",
        "imagebuilder:Get*",
        "imagebuilder:List*",
        "importexport:Get*",
        "importexport:List*",
        "inspector:Describe*",
        "inspector:Get*",
        "inspector:List*",
        "inspector:Preview*",
        "inspector2:BatchGet*",
        "inspector2:Describe*",
        "inspector2:Get*",
        "inspector2:List*",
        "inspector2:Search*",
        "internetmonitor:Get*",
        "internetmonitor:List*",
        "invoicing:Get*",
        "invoicing:List*",
        "iot:Describe*",
        "iot:Get*",
        "iot:List*",
        "iot1click:Describe*",
        "iot1click:Get*",
        "iot1click:List*",
        "iotanalytics:Describe*",
        "iotanalytics:Get*",
        "iotanalytics:List*",
        "iotanalytics:SampleChannelData",
        "iotevents:Describe*",
        "iotevents:List*",
        "iotfleethub:Describe*",
        "iotfleethub:List*",
        "iotfleetwise:Get*",
        "iotfleetwise:List*",
        "iotsitewise:Describe*",
        "iotsitewise:Get*",
        "iotsitewise:List*",
        "iotwireless:Get*",
        "iotwireless:List*",
        "ivs:BatchGet*",
        "ivs:Get*",
        "ivs:List*",
        "ivschat:Get*",
        "ivschat:List*",
        "kafka:Describe*",
        "kafka:Get*",
        "kafka:List*",
        "kafkaconnect:Describe*",
        "kafkaconnect:List*",
        "kendra:BatchGet*",
        "kendra:Describe*",
        "kendra:Get*",
        "kendra:List*",
        "kendra:Query*",
        "kinesis:Describe*",
        "kinesis:Get*",
        "kinesis:List*",
        "kinesisanalytics:Describe*",
        "kinesisanalytics:Discover*",
        "kinesisanalytics:Get*",
        "kinesisanalytics:List*",
        "kinesisvideo:Describe*",
        "kinesisvideo:Get*",
        "kinesisvideo:List*",
        "kms:Describe*",
        "kms:Get*",
        "kms:List*",
        "lakeformation:Describe*",
        "lakeformation:Get*",
        "lakeformation:List*",
        "lakeformation:Search*",
        "lambda:Get*",
        "lambda:List*",
        "launchwizard:Describe*",
        "launchwizard:Get*",
        "launchwizard:List*",
        "lex:Describe*",
        "lex:Get*",
        "lex:List*",
        "license-manager:Get*",
        "license-manager:List*",
        "lightsail:Get*",
        "lightsail:Is*",
        "logs:Describe*",
        "logs:FilterLogEvents",
        "logs:Get*",
        "logs:List*",
        "logs:StartLiveTail",
        "logs:StartQuery",
        "logs:StopLiveTail",
        "logs:StopQuery",
        "logs:Test*",
        "lookoutequipment:Describe*",
        "lookoutequipment:List*",
        "lookoutmetrics:Describe*",
        "lookoutmetrics:Get*",
        "lookoutmetrics:List*",
        "lookoutvision:Describe*",
        "lookoutvision:List*",
        "m2:Get*",
        "m2:List*",
        "machinelearning:Describe*",
        "machinelearning:Get*",
        "macie2:BatchGet*",
        "macie2:Describe*",
        "macie2:Get*",
        "macie2:List*",
        "macie2:Search*",
        "managedblockchain:Get*",
        "managedblockchain:List*",
        "mediaconnect:Describe*",
        "mediaconnect:List*",
        "mediaconvert:Describe*",
        "mediaconvert:Get*",
        "mediaconvert:List*",
        "medialive:Describe*",
        "medialive:Get*",
        "medialive:List*",
        "mediapackage:Describe*",
        "mediapackage:List*",
        "mediapackage-vod:Describe*",
        "mediapackage-vod:List*",
        "mediapackagev2:Get*",
        "mediapackagev2:List*",
        "mediastore:Describe*",
        "mediastore:Get*",
        "mediastore:List*",
        "memorydb:Describe*",
        "memorydb:List*",
        "mgh:Describe*",
        "mgh:Get*",
        "mgh:List*",
        "mgn:Describe*",
        "mgn:Get*",
        "mgn:List*",
        "mobileanalytics:Get*",
        "mobiletargeting:Get*",
        "mobiletargeting:List*",
        "monitron:Get*",
        "monitron:List*",
        "mpa:Get*",
        "mpa:List*",
        "mq:Describe*",
        "mq:List*",
        "network-firewall:Describe*",
        "network-firewall:List*",
        "networkflowmonitor:Get*",
        "networkflowmonitor:List*",
        "networkmanager:Describe*",
        "networkmanager:Get*",
        "networkmanager:List*",
        "networkmonitor:Get*",
        "networkmonitor:List*",
        "nimble:Get*",
        "nimble:List*",
        "notifications:Get*",
        "notifications:List*",
        "notifications-contacts:Get*",
        "notifications-contacts:List*",
        "oam:Get*",
        "oam:List*",
        "observabilityadmin:Get*",
        "observabilityadmin:List*",
        "omics:Get*",
        "omics:List*",
        "one:Get*",
        "one:List*",
        "opsworks:Describe*",
        "opsworks:Get*",
        "opsworks-cm:Describe*",
        "opsworks-cm:List*",
        "organizations:Describe*",
        "organizations:List*",
        "osis:Get*",
        "osis:List*",
        "outposts:Get*",
        "outposts:List*",
        "payment-cryptography:Get*",
        "payment-cryptography:List*",
        "payments:Get*",
        "payments:List*",
        "pca-connector-ad:Get*",
        "pca-connector-ad:List*",
        "pca-connector-scep:Get*",
        "pca-connector-scep:List*",
        "pcs:Get*",
        "pcs:List*",
        "personalize:Describe*",
        "personalize:Get*",
        "personalize:List*",
        "pi:Describe*",
        "pi:Get*",
        "pi:List*",
        "pipes:Describe*",
        "pipes:List*",
        "polly:Describe*",
        "polly:Get*",
        "polly:List*",
        "polly:SynthesizeSpeech"
      ],
      "Resource": "*"
    }
  ]
}